{

  "MedicineData": [
    {
      "Id": 1,
      "Name": "Med 1",
      "Price": 125,
      "Quantity": 10,
      "ExpiryDate": "2021-05-12T16:58:11.7213682+05:30",
      "Notes": "Headache"
    },
    {
      "Id": 2,
      "Name": "Med 2",
      "Price": 96,
      "Quantity": 12,
      "ExpiryDate": "2021-12-12T16:58:11.7213682+05:30",
      "Notes": "Antibiotic"
    },
    {
      "Id": 3,
      "Name": "Med 3",
      "Price": 102,
      "Quantity": 15,
      "ExpiryDate": "2021-11-12T16:58:11.7213682+05:30",
      "Notes": "Cough"
    },
    {
      "Id": 4,
      "Name": "Med 4",
      "Price": 49,
      "Quantity": 20,
      "ExpiryDate": "2022-03-12T16:58:11.7213682+05:30",
      "Notes": "Cold"
    },
    {
      "Id": 5,
      "Name": "Med 5",
      "Price": 31,
      "Quantity": 30,
      "ExpiryDate": "2022-01-12T16:58:11.7213682+05:30",
      "Notes": "Fever"
    }
  ]
}